"RT","FD.mean","FD.sd","FD.skw","FDE.mean","FDE.sd","FDE.skw","FS.mean","FS.sd","FS.skw","NF","FPS.mean","FPS.sd","FPS.skw","RRS","YDIST","pid","tid"
65496566,517400.775862069,269124.752043557,0.958427699358264,404400.775862069,269124.752043557,0.958427699358264,82.8960204777346,68.3350517059988,5.26561435105478,116,144.708626361973,10.3967131950712,0.461258465141174,0.2,48529.7723220391,1,10879
72096595,495765.702290076,297150.654080014,0.789047834176303,382765.702290076,297150.654080014,0.789047834176303,78.2839285476728,41.7237264355865,2.57339567964681,131,136.014220288353,33.8627896421844,-3.42413418182954,0.223076923076923,53722.5576765992,1,11299
59780271,459144.830188679,268289.976575079,1.20885608091986,346144.830188679,268289.976575079,1.20885608091986,76.2682233769759,34.9907476793369,1.33625306727666,106,135.024818054438,13.3875105577697,0.451756896843458,0.171428571428571,45119.9466886001,1,13165
60246945,434623.318181818,278746.568962467,1.2064614690725,321623.318181818,278746.568962467,1.2064614690725,77.4634565275715,45.2142470019638,2.03788365590797,110,125.716998978502,18.0970355956335,-3.16243084141302,0.192660550458716,45026.2673451006,1,322
62453307,489886.973451327,283299.403378502,1.65919109737186,376886.973451327,283299.403378502,1.65919109737186,74.2058454798513,20.0584231779372,-0.0322372770500511,113,134.947662277307,13.7444691935159,-1.81842800068025,0.205357142857143,44738.483884367,1,3775
61613622,463114.847457627,266759.294683192,0.927173077086734,350114.847457627,266759.294683192,0.927173077086734,82.3382320220298,70.4519702918078,5.05916846344321,118,145.328989269752,11.3223806372307,-0.125671398963463,0.188034188034188,50199.1095955099,1,4094
62763450,391249.352112676,257636.189628296,1.60624160679165,278249.352112676,257636.189628296,1.60624160679165,76.9288870365154,31.2320376814779,0.139849202870535,142,154.062415334563,14.8960311625043,0.367805646213079,0.269503546099291,57866.004216752,1,4504
68246658,539654.210526316,292993.876464431,0.663919309927052,426654.210526316,292993.876464431,0.663919309927053,73.623234891402,34.99071291348,3.40366919907519,114,147.784350141121,11.1502444575268,1.82277668932733,0.194690265486726,45331.5080051346,1,4701
69146429,434201.080291971,235155.704227635,0.931551174851938,321201.080291971,235155.704227635,0.931551174851938,67.8678222257389,25.2836113778097,-0.178832430356262,137,138.777039515085,14.507756394992,-0.0618272049288593,0.242647058823529,54046.0257597952,1,6046
64113288,439196.543103448,217136.904779946,0.887010823594089,326196.543103448,217136.904779946,0.887010823594089,72.5199633582195,29.4738532272574,0.425542675344933,116,127.962625925561,16.3610575454477,-4.29685494181101,0.173913043478261,46752.5203381395,1,6366
70229541,468354.427480916,255928.778298333,0.929869109617483,355354.427480916,255928.778298333,0.929869109617483,83.0456943499152,57.8757687396214,5.97533422962439,131,144.806783129799,13.8217501304735,-2.08910995491834,0.230769230769231,56865.6631679241,1,6474
57320078,277420.1,131352.322133016,0.728235911789684,164420.1,131352.322133016,0.728235911789683,72.121036838987,35.810158945535,0.569967218528691,170,180.848449875476,6.20277106018207,0.368126856391234,0.325443786982249,75664.6806668405,2,10879
64197014,275985.486910995,131601.467435022,0.943639621756259,162985.486910995,131601.467435022,0.943639621756259,72.8796124848785,38.5357058777897,1.05646892589262,191,181.76622035679,8.68333530663148,0.14352345623333,0.373684210526316,89116.7869547605,2,11143
61346824,306409.858823529,148808.695853081,1.26732798113012,193409.858823529,148808.695853081,1.26732798113012,65.1122864398799,34.5442130580102,0.663800772129031,170,180.62190204636,7.46274329069473,-0.282671534015204,0.331360946745562,78997.9431815587,2,11299
61046823,279322.770949721,150535.436342583,1.67282025177907,166322.770949721,150535.436342583,1.67282025177907,72.9783645863528,39.7844827583045,1.05831213728242,179,179.750708087741,6.73267512678519,0.172279371726631,0.359550561797753,81148.1645467695,2,13165
67252625,241076.492822967,122670.199372534,1.32606345773828,128076.492822967,122670.199372534,1.32606345773828,83.8494000040802,58.0174109123929,2.05529848945188,209,178.461389582087,9.09791894662213,0.0367127176216571,0.375,91921.7350632946,2,2725
56705725,224553.895027624,109762.608098291,1.40060551721211,111553.895027624,109762.608098291,1.40060551721211,83.4580827985094,46.5261267199095,1.17889338029327,181,175.825263336309,8.54099982607602,1.4281782284325,0.355555555555556,78878.833320992,2,322
60697135,276095.148351648,138941.003432515,1.23648905196887,163095.148351648,138941.003432515,1.23648905196887,89.3315229476801,54.5899831867437,1.13159655731431,182,181.891466131977,8.08995767290735,-0.0350949806443537,0.392265193370166,85873.9561464289,2,3775
68431723,262044.507317073,132777.258294012,1.81820117673836,149044.507317073,132777.258294012,1.81820117673836,78.8767733345853,39.6945910933574,0.653434510263452,205,179.755406936987,7.58056104180092,0.161609958463543,0.343137254901961,94405.6968651635,2,3819
75821688,281289.342723005,184840.041556385,2.50456237107382,168289.342723005,184840.041556385,2.50456237107382,96.1415117097649,52.361269509408,1.12351345980146,213,181.50678833791,11.933396883715,-4.80763048507581,0.429245283018868,103994.677793936,2,4094
63296904,264136.14973262,133734.795376027,1.03433805356802,151136.14973262,133734.795376027,1.03433805356802,63.973090187577,48.7671442375396,3.18457773900524,187,177.952761863166,7.06581520098761,0.0511275993307474,0.333333333333333,78847.3063358499,2,4701
56363552,280531.945454545,130438.007771997,0.876230347628383,167531.945454545,130438.007771997,0.876230347628382,75.0968691540004,38.590973165737,0.704739682099095,165,188.834088248559,15.3970447903288,0.541912273141688,0.365853658536585,73205.5584813718,2,6046
76596152,267114.172727273,137525.665398844,0.925335362793258,154114.172727273,137525.665398844,0.925335362793258,67.0226736298776,37.1987870222823,1.25088514647365,220,179.015125385352,8.18355992804814,-0.232681654099727,0.397260273972603,95664.4445704473,2,7784
62813645,272266.115384615,152957.138724867,1.53929702219998,159266.115384615,152957.138724867,1.53929702219998,74.0550689910463,54.7295781488373,4.27466907518331,182,179.127056412356,8.72309160233889,-0.0313481853066692,0.364640883977901,77715.0772633647,2,9977
69428904,401524.111111111,247705.816906009,1.95963341976107,288524.111111111,247705.816906009,1.95963341976107,78.938330760157,29.5616808051688,1.83092107288651,153,121.897256850365,16.4806239210447,-1.41429290546851,0.223684210526316,54844.4712124477,3,10879
42678214,295144.333333333,287512.388923736,6.66993442662427,182144.333333333,287512.388923736,6.66993442662427,71.4076334914273,29.4348350660075,0.353766064249981,123,116.421654140478,11.6580879078783,-1.64104225880328,0.188524590163934,44164.6547217133,3,11143
64354251,415392.360294118,258411.183975108,1.30920081464398,302392.360294118,258411.183975108,1.30920081464398,66.7674355316931,31.4056992126975,0.448749232254746,136,139.046944418393,10.4706073605163,-2.04970330937957,0.185185185185185,51209.2657765153,3,11299
54394904,371864.315789474,222124.841492957,1.35332564349986,258864.315789474,222124.841492957,1.35332564349986,88.6386692517138,41.0012261334396,2.70761668148973,114,135.306814015848,25.6298546320492,6.49483778655936,0.274336283185841,44030.4166763787,3,13165
63702142,455138.118110236,360766.324807602,5.09930484167013,342138.118110236,360766.324807602,5.09930484167013,79.8819451494319,36.8153619688116,1.56151975840032,127,128.583302734763,13.0816102782532,-7.24981562748489,0.150793650793651,50105.3609902999,3,2725
61207509,386205.342657343,278372.710165632,3.70429257955004,273205.342657343,278372.710165632,3.70429257955004,74.0468853268078,42.5889093617367,4.11594275284219,143,128.425703075706,13.8533359657433,-4.11297490152591,0.211267605633803,50312.2236896492,3,3775
65892250,349857.87654321,204894.902361852,1.48264275076129,236857.87654321,204894.902361852,1.48264275076129,72.3264532681269,51.8537549869445,5.92812512898511,162,121.351914745309,14.040085969878,-4.06642127729932,0.204968944099379,60719.776988982,3,3819
59825415,269840.062893082,314635.61004174,8.18197794300926,156840.062893082,314635.61004174,8.18197794300926,63.1116112209445,40.6866889391245,2.80861262203093,159,123.556704694645,14.2678461268742,-3.9243928956868,0.259493670886076,60384.2624356616,3,4094
45431070,293276.227272727,151741.363702063,1.40692817541902,180276.227272727,151741.363702063,1.40692817541902,78.8040691518401,29.75515571595,0.765361555178633,132,127.676661939939,7.72282590427031,0.30611183991126,0.190839694656489,48069.0614865879,3,4504
87811816,380835.200980392,264212.115140578,1.81330669460714,267835.200980392,264212.115140578,1.81330669460714,65.3257847264796,32.4851107221317,0.670279508143142,204,130.871943400116,10.1474015449155,0.561891013033881,0.295566502463054,72407.0269307533,3,4584
70205297,350644.288235294,215079.976463564,0.980297565426478,237644.288235294,215079.976463564,0.980297565426478,67.3892125349659,68.5728268397241,5.01656723626671,170,128.202092675991,16.1718882699764,3.47427295285041,0.27810650887574,62116.5209789362,3,4701
77784843,399482.855421687,215458.850933235,1.05252649060348,286482.855421687,215458.850933235,1.05252649060348,74.0707794502888,29.5658183708062,0.872937620513951,166,124.737334211139,10.4935448584778,-2.7567477366814,0.260606060606061,60602.254252166,3,5938
62688862,302806.467532468,223495.014327429,2.77317652432101,189806.467532468,223495.014327429,2.77317652432101,59.142124212942,43.476448343999,0.118317802760264,154,61.8922299541608,54.4873574877299,0.437737239095107,0.215686274509804,28077.4386391385,3,6366
70243925,384433.823899371,246078.461121716,3.25784617635694,271433.823899371,246078.461121716,3.25784617635694,71.7583719723822,28.3400963190075,1.72991014326907,159,119.70980853579,15.0361465770148,-3.06177541631951,0.240506329113924,60755.7435122199,3,6474
68285744,393512.668874172,274772.454287003,5.09674842559647,280512.668874172,274772.454287003,5.09674842559647,73.7907521623405,26.234836652217,-0.583318213975487,151,130.552020850767,50.24873115286,9.51842001109806,0.24,52715.3492222932,3,7784
61849904,365199.246666667,200427.099189663,2.35278580285991,252199.246666667,200427.099189663,2.35278580285991,71.70550736421,45.7333691380441,4.45446072542518,150,119.476463566469,10.8328191749872,-4.6005084973218,0.228187919463087,48676.7499961491,3,9977
90828630,667475.6640625,394202.781909775,0.826117964226934,554475.6640625,394202.781909775,0.826117964226934,72.4732555067239,22.0610779564334,-0.346295690088727,128,72.0233152051832,6.54396230883203,-3.7578738693595,0.133858267716535,49050.4488750019,4,10879
111077746,709701.047297297,449957.133490995,0.837338771995624,596701.047297297,449957.133490995,0.837338771995624,70.1041353232138,26.2164564262273,0.313897400534084,148,78.406507882947,8.3126184013073,-3.44538267569604,0.19047619047619,60358.8660192673,4,11143
97027831,668645.503649635,378266.210631483,0.727867760110357,555645.503649635,378266.210631483,0.727867760110357,72.5921375376821,22.31953596735,0.609139058030213,137,79.5338433927576,4.01585244089584,0.524056240269221,0.183823529411765,56187.392909405,4,11299
86276844,625035.519379845,355970.811646982,1.01708247016677,512035.519379845,355970.811646982,1.01708247016677,75.9242060069418,26.8317121857112,0.0866757680010706,129,79.0031277507598,4.04518444621853,-0.428563655971643,0.1875,49697.4405910547,4,13165
97478393,671614.897810219,358421.650971993,0.56103536552735,558614.897810219,358421.650971993,0.56103536552735,78.3025145913879,55.570748293389,5.4622197520438,137,75.967969351843,2.83056201395468,0.46648968563283,0.191176470588235,52725.9478722259,4,2725
84160611,555886.156028369,318188.957190586,0.641858114591949,442886.156028369,318188.957190586,0.641858114591949,74.2929883555108,25.7863383383974,0.756819327824118,141,76.2761901195182,5.89058757502281,-5.26695066450798,0.25,60792.3220047134,4,322
89545430,676577.944,408093.928529294,1.06782091160046,563577.944,408093.928529294,1.06782091160046,69.6559624914072,22.7866957875558,-0.602789358209579,125,78.4994568241131,3.79899286500664,0.653774158032886,0.17741935483871,48132.3002656889,4,3775
131293040,670079.578378378,414748.641562502,0.916602674069115,557079.578378378,414748.641562502,0.916602674069115,70.6800462443339,30.196062704188,1.19120603122439,185,81.5557013979382,5.18527669884862,2.549662449294,0.277173913043478,71360.8808653389,4,3819
98025465,699497.824427481,579937.560932866,3.72265693441256,586497.824427481,579937.560932866,3.72265693441256,85.5732186152704,42.5915013572123,4.23762758385779,131,80.2242184999562,9.20000252737082,-3.81207105146497,0.192307692307692,52392.3844754357,4,4504
100728057,669088.704225352,468650.905657339,3.12951319913652,556088.704225352,468650.905657339,3.12951319913652,76.3677700619276,40.377847039279,2.09007368914292,142,80.4386327418888,9.47345366017326,-2.87739153280891,0.219858156028369,59500.8610596997,4,4584
97609610,753288.235772358,486058.062653419,1.83765573432209,640288.235772358,486058.062653419,1.83765573432209,70.8102797489269,19.7066252145679,-0.522323668279229,123,77.2162451931539,6.95504358358492,-4.840282510516,0.204918032786885,48050.4796264639,4,4701
97078404,596853.509803922,366121.849999587,0.740761915407877,483853.509803922,366121.849999587,0.740761915407877,80.1682628991144,38.126618346184,2.03993002586679,153,76.458893300076,4.32442755643176,0.157149910424028,0.269736842105263,60479.4593668483,4,5938
87312283,588820.791366906,342501.543098131,0.977461632606087,475820.791366906,342501.543098131,0.977461632606087,77.2618259228463,46.4134940667066,5.66013686684936,139,84.5110654385353,6.75195281604978,0.595843095029457,0.166666666666667,53424.3476571082,4,6046
87122162,624636.572519084,360770.933961491,0.936566103785015,511636.572519084,360770.933961491,0.936566103785015,75.8908534984527,24.6728945775604,0.44284830601158,131,80.4860230835885,3.77257251305235,0.283277924584793,0.246153846153846,53097.422535499,4,6474
106361318,626202.125,339224.15600196,0.401728334717584,513202.125,339224.15600196,0.401728334717584,77.259003242431,59.3037758999867,5.5111866284539,160,77.4862452316595,13.144012202009,10.5858743124689,0.207547169811321,64210.214942145,4,7784
110847269,658070.392405063,405026.165313846,0.856825559471241,545070.392405063,405026.165313846,0.856825559471241,71.9773157857189,42.7285375499693,4.98668323621953,158,78.6085359645933,6.23796349299587,-2.87128203436512,0.203821656050955,62752.6467842561,4,9977
108598810,574254.195402299,356514.945886458,0.966074062923674,461254.195402299,356514.945886458,0.966074062923674,79.6749480517836,66.4596591308488,4.5778330230673,174,209.431203638757,15.4967245117426,0.32276058035142,0.312138728323699,63995.1103752348,6,10879
80769991,485837.854166667,352609.07408305,1.0803282052507,372837.854166667,352609.07408305,1.0803282052507,78.8411620963736,62.5062991150287,5.11019323266565,144,225.223056011408,36.109121855104,-0.412173482661156,0.335664335664336,58310.6885669121,6,11143
148859124,551667.858299595,350812.50747429,1.22865327959122,438667.858299595,350812.50747429,1.22865327959122,79.2146415007673,67.7106397584389,4.65071481064943,247,217.159380587282,17.3009379994585,0.414084312391251,0.25609756097561,85289.3302805368,6,322
90323008,530776.025974026,339581.17996407,1.18688829811589,417776.025974026,339581.17996407,1.18688829811589,64.0360202529915,40.374702748571,3.39853608414037,154,205.023133031995,26.9561682698059,-2.86534946551961,0.222222222222222,52753.9699041627,6,3775
108014289,547237.734463277,359363.01273733,1.13962737586322,434237.734463277,359363.01273733,1.13962737586322,70.6375748249729,38.0596628383745,1.44706429812401,177,217.349992713114,25.8564472789701,-3.13130397974496,0.295454545454545,66396.4796263505,6,3819
76278897,448048.118055556,487157.389391105,4.74466774443194,335048.118055556,487157.389391105,4.74466774443194,72.7574586139404,27.8736157728632,0.198449330934956,144,203.4039544731,51.225616906338,-2.69998952797601,0.27972027972028,60557.6018392191,6,4094
83920908,384621.754285714,315612.084304838,2.77442730175312,271621.754285714,315612.084304838,2.77442730175312,69.1901166575067,48.1748469215206,3.51583512095692,175,228.492712439456,28.1009411458786,-2.98639616465481,0.281609195402299,72218.7493812979,6,4504
98164762,443794.189189189,343216.460930685,1.48112817747252,330794.189189189,343216.460930685,1.48112817747252,57.5108338462118,35.1419874197196,2.72214530397569,185,222.346575499507,27.0444396289251,0.154514680458776,0.331521739130435,76887.2484868584,6,4701
111608858,466067.142857143,339551.378233634,1.63729804004321,353067.142857143,339551.378233634,1.63729804004321,80.3753025703988,74.2041655114878,3.54778628072852,203,234.836684447172,27.7394296248805,-1.62675569000096,0.306930693069307,79173.3532526182,6,5938
114449624,867144.901639344,3078271.86102803,10.605033581954,754144.901639344,3078271.86102803,10.605033581954,68.5996577460335,46.276735121635,2.81120587969338,122,182.592063819171,40.6625832994874,-2.78388353048607,0.297520661157025,40337.5653275174,6,6046
65537193,471411.37704918,271189.819316589,0.53489901763276,358411.37704918,271189.819316589,0.53489901763276,70.0335038439028,27.7005368986301,0.357367853639813,122,240.170646640169,28.9140532230699,-4.0049470993696,0.206611570247934,46732.024741356,6,6366
98225927,469730.336956522,314475.970288132,1.57963630362763,356730.336956522,314475.970288132,1.57963630362763,64.4148753075734,41.9918909345255,3.49910886569788,184,241.976505677696,33.432083957814,-0.744799588614471,0.33879781420765,69486.9090741691,6,7784
103829849,545288.561403509,387960.210778541,1.5988430994332,432288.561403509,387960.210778541,1.5988430994332,70.6766518670836,37.790904376352,2.54031458957885,171,206.255355896344,26.4452685250653,-0.887900532998509,0.352941176470588,62129.3254880127,6,9977
53513793,384297.293650794,207878.356020518,0.747387160513516,271297.293650794,207878.356020518,0.747387160513516,82.939343545437,43.689885576634,2.66869834891067,126,73.7732681452422,7.05377726865035,0.0414459534806835,0.256,51506.282407598,7,11143
57216871,467605.495575221,232193.075158412,1.10409493625331,354605.495575221,232193.075158412,1.10409493625331,82.433933199772,24.5634512825918,-0.597973348395461,113,74.3131547920083,3.35494817809668,0.673794347970244,0.258928571428571,47743.3778459377,7,11299
49457744,423667.46728972,241540.25866573,1.56247641777069,310667.46728972,241540.25866573,1.56247641777069,81.9652196497568,24.663146134802,-0.224465511427074,107,71.5803026522742,6.27487154054072,0.313407884360531,0.292452830188679,44161.3293295445,7,13165
61430517,371768.391891892,197012.78065623,1.01216262455934,258768.391891892,197012.78065623,1.01216262455934,90.8271727466554,51.4828527639574,4.0491137010778,148,75.4247286108748,7.15087804193548,0.507453319155075,0.333333333333333,56692.0662089715,7,2725
52113203,381796.545454545,205508.044618777,0.714806538112313,268796.545454545,205508.044618777,0.714806538112313,80.6389217199911,23.9953660167719,-0.161399857466541,121,74.3634157913879,6.01270072692451,1.09883232502175,0.258333333333333,50181.5411341403,7,322
60646734,443953.48,215915.303043047,0.636302838220821,330953.48,215915.303043047,0.636302838220821,84.3896371799166,32.4397603194916,1.20479897749935,125,70.8383397770869,5.05268765339346,0.373708611003422,0.266129032258065,51025.6683076451,7,3775
64713356,444670.529850746,235708.301497949,0.541190246518807,331670.529850746,235708.301497949,0.541190246518807,75.1384079369628,29.1948643955567,0.738427752042261,134,74.158102632675,6.66666922228666,0.507147586117843,0.270676691729323,52701.0393774343,7,3819
47430021,360339.675213675,200662.332322617,1.75560918307699,247339.675213675,200662.332322617,1.75560918307699,81.3616055127157,30.0579715327112,1.17585896837095,117,71.8582381703005,7.49411343237819,0.916634472602467,0.267241379310345,47984.8699892434,7,4094
39864774,354040.617647059,179629.810746415,2.12399050970647,241040.617647059,179629.810746415,2.12399050970647,90.3988382541896,26.0394815402408,-0.14491320094174,102,74.8814695612284,7.04969501756522,0.841095134689132,0.227722772277228,41388.1008192168,7,4504
47180928,380055.495575221,219049.082134825,1.39295799092751,267055.495575221,219049.082134825,1.39295799092751,85.9736221771522,36.9501762965485,1.93893543359297,113,70.7390935238733,5.91296865040256,0.984256842952661,0.303571428571429,49328.7420655774,7,4584
61163657,491170.973913044,283186.566000735,1.41949061515692,378170.973913044,283186.566000735,1.41949061515692,74.8387703978103,41.5737072927238,2.82628765172229,115,72.6253383855123,4.8573118110905,0.124150574251886,0.236842105263158,49031.5743970669,7,4701
62396714,414793.058823529,286151.997265809,3.16437961784842,301793.058823529,286151.997265809,3.16437961784842,76.1477003540897,32.1559573027274,0.739552804932412,136,72.3750300551427,6.15354423041283,0.900006545319662,0.244444444444444,52026.6686856904,7,5938
53064099,450938.587155963,220277.463728018,0.833468083245055,337938.587155963,220277.463728018,0.833468083245055,86.5965442829763,31.4190960471363,-0.0595294514600441,109,75.0168865971868,4.36735531960166,0.619922376583911,0.203703703703704,44780.2518244623,7,6046
55346895,424715.344537815,253668.621837372,1.44447678652456,311715.344537815,253668.621837372,1.44447678652456,81.8411934323264,23.8618557508036,-0.48795386001473,119,70.6753730276817,7.53048467141455,-0.0892974018901874,0.254237288135593,46079.6037119668,7,6366
53742917,443540.517857143,224496.849810198,1.19892220053172,330540.517857143,224496.849810198,1.19892220053172,89.9018425324485,41.0767848339575,4.28051765662186,112,69.4857994557496,4.69613789057685,0.655824130317579,0.207207207207207,47695.8113072304,7,6474
61780445,419452.368421053,238070.669402617,1.44598091693684,306452.368421053,238070.669402617,1.44598091693684,80.3660463133389,28.3053313650235,-0.0726507234297281,133,74.6580635099241,6.84802201650966,0.980507547237363,0.287878787878788,49954.7196090946,7,7784
71829542,522152.404958678,281314.179095591,0.711005936377215,409152.404958678,281314.179095591,0.711005936377215,73.5181446719439,39.30370820029,1.59064579842408,121,240.163465967553,14.230307799507,0.252277888313118,0.216666666666667,48717.2048604384,8,10879
60075793,465876.383928571,439073.979559526,6.42623975218623,352876.383928571,439073.979559526,6.42623975218623,74.0187856187951,55.0988632849931,5.62179126315016,112,202.774095858768,24.121378065547,-4.95063531125638,0.225225225225225,39981.9952192639,8,13165
101611374,449806.466666667,269593.366079404,1.13336608379451,336806.466666667,269593.366079404,1.13336608379451,79.0509714596428,57.6801599662149,3.45714498555587,195,220.61431756122,11.6063271278203,0.0484560417269769,0.257731958762887,68723.0852747474,8,3775
108611236,445449.314285714,243283.627589028,0.845883858398774,332449.314285714,243283.627589028,0.845883858398774,79.8957355009991,35.2866987329358,0.839762424353626,210,221.841780128999,15.2176096675787,-1.45903097636725,0.272727272727273,72354.124847855,8,4094
122717603,443483.721991701,256844.769925682,1.25965097814179,330483.721991701,256844.769925682,1.25965097814179,79.5398292367736,63.0973751998399,4.23915592073981,241,216.416499750965,21.8969859088908,-5.23739642247481,0.2875,85280.2775331575,8,4504
115937644,523219.881443299,598853.831314264,7.42098657599441,410219.881443299,598853.831314264,7.42098657599441,81.9062284967597,61.2040291996787,2.96490515033586,194,262.600715169097,41.8787775352757,-4.77100745216446,0.321243523316062,81710.1713561259,8,4584
137509938,448295.819923372,252043.403552982,0.868666899985551,335295.819923372,252043.403552982,0.868666899985551,65.0392813279579,57.6259743957106,5.08903805357873,261,206.363348892486,19.3602901355389,0.476253157979432,0.269230769230769,85093.5094753015,8,4701
108218729,415613.077625571,258802.244794315,1.33616213892002,302613.077625571,258802.244794315,1.33616213892002,78.6579364870347,55.2660502508273,3.80041605877398,219,232.96734420799,20.075926207713,-2.31739241834928,0.275229357798165,78156.9189109361,8,5938
95019602,468901.316091954,317782.514892328,1.70313352565948,355901.316091954,317782.514892328,1.70313352565948,67.3318068403026,48.6345313361196,4.95514204240796,174,207.845949562499,21.2184796469586,-5.39152946270804,0.265895953757225,68208.7296936539,8,6474
73662871,465509.198529412,267704.156436965,1.23647177828801,352509.198529412,267704.156436965,1.23647177828801,81.5307840616395,53.175825865085,5.02589373522653,136,212.531182796917,14.2864972170755,4.08602144593153,0.2,46905.4068076647,8,7784
89062170,398135.989795918,257184.70696078,1.60936632913212,285135.989795918,257184.70696078,1.60936632913212,86.0240439354769,55.5603477803364,1.94764907005579,196,84.3284603504661,8.81520223949768,1.7584192296083,0.338461538461538,80385.3355207978,9,11299
110763936,471818.261682243,362004.056894157,2.99689573897427,358818.261682243,362004.056894157,2.99689573897427,91.410382029452,47.3849482304573,1.56654589406844,214,94.9863550500408,10.3389779701357,-2.72713520641189,0.347417840375587,87433.6022469002,9,3775
90612244,389618.976190476,212261.392670737,0.94162424103385,276618.976190476,212261.392670737,0.94162424103385,96.565262390446,60.3456470554412,3.0906025323228,210,92.4444622448677,8.01753012770127,1.00062814581084,0.325358851674641,84637.4607407689,9,4504
92228713,394593.661904762,222103.405347987,1.31455002542038,281593.661904762,222103.405347987,1.31455002542038,83.993095736269,52.9765118002583,2.6460589102118,210,84.5178506200778,8.26778871028624,0.446940196545945,0.291866028708134,88839.7250305347,9,4584
122193795,412212.785714286,270542.251609648,2.72862638819402,299212.785714286,270542.251609648,2.72862638819402,92.7130392446385,54.0631920145379,2.11504666774529,266,88.6516790830218,9.56562695315635,1.1458864773396,0.358490566037736,105605.632496493,9,5938
82376303,342564.516431925,181658.283855658,1.26272576659443,229564.516431925,181658.283855658,1.26272576659443,86.1069291353182,42.8961992636695,1.67498413801525,213,78.8209125314249,10.862559917268,1.29706322114217,0.349056603773585,88225.718369727,9,6366
99128226,385001.469565217,224078.172021573,1.33608236956992,272001.469565217,224078.172021573,1.33608236956992,95.5004586504441,46.7690706201013,1.11661711490765,230,78.2136353820619,5.94956681810377,0.486399373188043,0.336244541484716,98609.840665206,9,6474
106533001,396882.925925926,229933.589983511,1.3592514321352,283882.925925926,229933.589983511,1.3592514321352,96.5924260332354,42.3936784757138,1.60295646733029,243,92.9578105534816,7.14773120412797,-1.2469557193222,0.309917355371901,89919.9371146702,9,7784
106813871,400135.030434783,263698.66778048,1.58603484338392,287135.030434783,263698.66778048,1.58603484338392,63.2953493079163,70.5169919464207,5.07224873894277,230,127.518315652678,12.7751403073426,-1.81188274354249,0.375545851528384,74480.7979390995,10,2725
92978652,399800.158163265,279027.416922755,2.36207325038044,286800.158163265,279027.416922755,2.36207325038044,62.6312490470914,67.3749166740627,4.9237053231682,196,132.45369486973,6.26475252003218,0.220936591570849,0.394871794871795,65718.6568126224,10,3775
72663972,400697.383116883,497990.146551943,7.29849564803627,287697.383116883,497990.146551943,7.29849564803627,65.3688668961106,40.2512711584186,2.95469213664927,154,129.655947132472,23.3061561078723,-0.409971998232881,0.326797385620915,54996.6605198962,10,4094
82597604,362280.4,251882.088005656,1.93140480181994,249280.4,251882.088005656,1.93140480181994,73.5329542186299,63.9560467713868,5.57367858705477,185,118.669001491831,13.3801771677065,-3.31674362153027,0.353260869565217,62333.9593490105,10,7784
59613570,443009.322580645,221960.47693368,1.06190496892789,330009.322580645,221960.47693368,1.06190496892789,92.9761751698342,50.4784231280748,6.17478453973382,124,146.979895349565,8.4119419035838,0.619096367620386,0.252032520325203,52427.8639353678,12,10879
68156645,460717.448529412,256662.655558811,1.40807585985463,347717.448529412,256662.655558811,1.40807585985463,87.3663823150076,44.5136280197489,2.14492024903239,136,146.910457618126,8.73054026215543,0.590537629359295,0.237037037037037,56023.9454455903,12,11299
94045249,479394.44198895,245998.786624273,0.971868005901202,366394.44198895,245998.786624273,0.971868005901202,89.7481646961737,45.7241998660182,3.59959628649431,181,148.269197318861,13.8218926928954,0.203740984784632,0.216666666666667,77369.5565825333,12,13165
94878861,533519.162650602,307476.661580252,1.28338772615675,420519.162650602,307476.661580252,1.28338772615675,86.4010559866762,28.233086386093,1.28922169834994,166,148.786254920885,11.2361443797201,0.362308086374438,0.212121212121212,69081.5820816917,12,2725
91887166,445821.624338624,244502.211814391,1.49145383178088,332821.624338624,244502.211814391,1.49145383178088,94.2293826649307,53.3444953651256,4.2489066664183,189,130.49072976846,11.5514004274345,-0.722415395566003,0.24468085106383,78926.1314454171,12,3775
56752990,449907.198275862,199563.103387602,0.569632630280383,336907.198275862,199563.103387602,0.569632630280383,88.4062712916497,31.8927492741484,-0.0670347690980556,116,152.162488960625,7.81439818547202,0.184795601663088,0.191304347826087,49726.1234037711,12,4094
60449068,448495.032520325,214819.216569591,1.063417232589,335495.032520325,214819.216569591,1.063417232589,96.9804499921304,48.5908454022273,3.04747416949453,123,142.484118183667,9.11809627963561,0.752013899570866,0.221311475409836,52259.108103712,12,4584
60880211,426833.37007874,238338.493679926,1.37515291445159,313833.37007874,238338.493679926,1.37515291445159,93.7420513577117,45.7476056799425,2.23980486990245,127,150.012855287101,12.9333780411041,0.629438856916896,0.253968253968254,49797.5646316224,12,4701
109327790,518530.697435897,281784.644265018,1.2447388533416,405530.697435897,281784.644265018,1.2447388533416,85.5760160709356,32.1072530984255,2.34393982915097,195,149.241376040491,9.56299936444729,0.622343923884955,0.216494845360825,82428.6273699665,12,5938
84428959,436756.468926554,212680.308049831,0.938285084394482,323756.468926554,212680.308049831,0.938285084394482,86.4345489230741,27.2602364058502,-0.217417112407712,177,161.696981635361,10.4450315690906,-3.5612964660746,0.204545454545455,69748.0919323306,12,6046
66613224,440939.826086957,229712.551019395,1.08433399187318,327939.826086957,229712.551019395,1.08433399187318,84.188329759806,24.4568225284271,-0.445378585806075,138,143.937436505797,8.53654610051423,1.65480033769834,0.240875912408759,56742.6667845249,12,6366
99761661,444635.791262136,224347.073585593,1.09450570109595,331635.791262136,224347.073585593,1.09450570109595,91.5428276694933,33.108193062875,0.615996852638924,206,147.692707649308,11.4324467589568,3.36275820541266,0.214634146341463,86285.1396132705,12,6474
80129365,458098.93081761,286578.42151747,2.2704432680228,345098.93081761,286578.42151747,2.2704432680228,85.8202768227024,40.8867818366843,1.9670799720138,159,170.883176745542,10.4616460506043,1.02365878567992,0.215189873417722,68611.4665213022,12,7784
88828169,413746.295918367,230204.283713165,1.14809290831537,300746.295918367,230204.283713165,1.14809290831537,91.200231007551,29.9290314783596,0.637251494609021,196,159.497362070336,9.94439713755769,0.433038445067004,0.225641025641026,81667.1179728833,12,9977
96678356,556869.58125,321368.518187228,0.957950404229729,443869.58125,321368.518187228,0.95795040422973,75.2758412030492,59.2247302614727,6.97407212063063,160,100.201342952671,13.6692308225681,-1.73129089432901,0.226415094339623,65373.7710213628,13,10879
92411627,571766.133333333,387519.353251991,1.73535869588958,458766.133333333,387519.353251991,1.73535869588958,74.3370426178181,38.9697414548319,4.4398523030637,150,108.233852303416,22.5021678742555,10.803661636041,0.241610738255034,56942.2091104449,13,11143
92894137,592749.828767123,360513.787093333,0.73785075789307,479749.828767123,360513.787093333,0.73785075789307,70.0802606619868,24.7669876370216,0.27394438145591,146,106.202232901675,6.25060920722319,-1.55206667710644,0.206896551724138,59832.8836402382,13,11299
99461719,549734.392857143,389898.521724833,1.89297196625146,436734.392857143,389898.521724833,1.89297196625146,72.4870529885168,33.7191378290452,1.78261632802174,168,103.571140531913,6.10724573067283,-0.155523099049093,0.251497005988024,64610.8658870967,13,2725
84095457,532496.849315068,319708.133302631,1.15408926770355,419496.849315069,319708.133302631,1.15408926770355,73.0358857624614,27.0513115185996,0.0350227284195544,146,105.539401947755,7.37245125297258,0.425269085286759,0.248275862068966,58116.409732121,13,322
91878275,490126.676300578,285475.796679287,0.976017925354699,377126.676300578,285475.796679287,0.976017925354699,69.9883064124446,31.7527298215678,1.79209904107564,173,99.5367524629173,7.71002538038449,-0.0682100750201086,0.267441860465116,66652.6057700984,13,3775
94284738,533694.233128834,284741.690378533,0.84496460103872,420694.233128834,284741.690378533,0.84496460103872,77.5815668548506,39.8678709855544,2.58986386766013,163,100.588226470511,6.9733521826098,0.920397931243512,0.240740740740741,68294.1893438376,13,3819
84262424,504933.509933775,328468.87034729,1.47802537244131,391933.509933775,328468.87034729,1.47802537244131,69.5458923967583,27.8782414085296,-0.176290640555983,151,108.129424681974,6.24975278493574,-0.21639069509117,0.266666666666667,64106.837105287,13,4094
101611455,510919.315217391,309128.904101657,1.06562208041701,397919.315217391,309128.904101657,1.06562208041701,89.6302557390888,57.9184502882326,5.64470730895397,184,112.275056849001,6.05132261190442,0.190062409213733,0.26775956284153,75538.6655229679,13,4504
88161804,537307.046357616,315783.333549938,0.872532632967394,424307.046357616,315783.333549938,0.872532632967394,69.8156444527509,36.3079530641138,3.61687289985683,151,101.722639602735,6.78929957352921,0.369760857388975,0.22,64204.3163909249,13,4584
104027903,545169.778409091,358622.539263271,1.20829329160904,432169.778409091,358622.539263271,1.20829329160904,69.1491543283639,40.8275916666407,2.93693725128349,176,109.229893224826,6.82779209875036,0.367840522113465,0.28,70407.3283125234,13,4701
94344900,524251.503030303,368346.416947741,1.2627216909465,411251.503030303,368346.416947741,1.2627216909465,67.0390370738655,33.1792936823006,1.83173978259231,165,110.64701456132,7.9267339552434,0.511820800367885,0.213414634146341,61626.0888352333,13,5938
88470689,511597.509433962,356930.227949418,1.63799429489852,398597.509433962,356930.227949418,1.63799429489852,69.5357383443906,23.3680508119688,0.413475203209027,159,104.548713144225,11.2955815698179,-3.78380059423416,0.291139240506329,63684.1328415322,13,6046
88479172,586466.5,353749.299101006,0.724281442261916,473466.5,353749.299101006,0.724281442261916,77.6252727198563,52.2966279381088,3.46167183451227,140,116.356000209804,15.2530601783346,0.509657647368903,0.215827338129496,58338.7533690177,13,6366
106694567,496081.106060606,305456.181881175,0.904059901008364,383081.106060606,305456.181881175,0.904059901008364,70.7989832424175,28.1740166668717,0.0868386197141152,198,112.953768640736,11.923394666635,3.06213817089914,0.248730964467005,80041.6139156586,13,6474
116727414,478883.291479821,310042.230464753,1.05812775648356,365883.291479821,310042.230464753,1.05812775648356,72.9099508374891,36.0447348205892,1.69978926187329,223,108.073873208739,7.97823781522183,0.139493266860214,0.216216216216216,95574.3345615283,13,7784
97794735,494323.362637363,279299.890931016,0.768977246940333,381323.362637363,279299.890931016,0.768977246940333,75.3366716955912,37.3595285668551,1.90782348011823,182,100.489174945201,6.02681374197718,-0.496909824243035,0.243093922651934,72411.5841474961,13,9977
47795978,272183.576642336,197547.295848425,3.69883770388287,159183.576642336,197547.295848425,3.69883770388287,101.241259948728,42.3734637327463,1.87102964659704,137,135.085965865639,13.7055460390058,-6.1171232409515,0.323529411764706,69749.6522746097,14,10879
55147488,381356.412698413,239295.416309206,1.39438370499058,268356.412698413,239295.416309206,1.39438370499058,93.0079184851499,43.8078674739166,1.00779739360577,126,124.70579775181,7.68207896592511,0.703704757599309,0.216,49774.7133588171,14,11143
46851117,389306.12962963,211466.927154243,1.23394089297452,276306.12962963,211466.927154243,1.23394089297452,102.701114545623,35.6382144893028,0.130494347320675,108,135.30480104473,10.1396295425805,-0.0523998489801011,0.205607476635514,44397.8609949139,14,13165
35799758,248165.512820513,128783.01376685,1.27351233509412,135165.512820513,128783.01376685,1.27351233509412,107.933207226628,61.8673188685659,3.10336387335907,117,143.431070741913,6.72877752532493,0.0322372704565637,0.318965517241379,55321.5056556365,14,322
74400035,315502.361702128,207992.338294017,2.22853720655922,202502.361702128,207992.338294017,2.22853720655922,106.290938195116,60.5949626419819,2.93621530895074,188,149.287285284838,29.9724833227601,-2.51041204131454,0.331550802139037,77014.9379948506,14,3819
51172901,256282.396226415,145540.18791442,2.98536599983608,143282.396226415,145540.18791442,2.98536599983608,121.912798524754,90.8766015321155,2.87013466678293,159,136.521903118107,15.0709387443241,-6.29751847677653,0.310126582278481,73877.7091807946,14,4504
55837817,349612.608695652,206222.592476713,1.82393965488529,236612.608695652,206222.592476713,1.82393965488529,105.444506642234,54.9069403373927,3.82325410004061,138,136.84073291352,13.8476956572229,-1.0395695641587,0.248175182481752,58749.6951997962,14,4584
51804834,257611.461538462,143830.726000343,1.63860410863158,144611.461538462,143830.726000343,1.63860410863158,108.971059744075,59.5714997087027,2.87319865661714,156,136.841470524884,13.1852401188002,-3.83391838837977,0.354838709677419,80163.1684194405,14,4701
62337816,289995.191616766,199226.401925316,2.92750645584542,176995.191616766,199226.401925316,2.92750645584541,95.8224082335425,48.3055688028312,1.41234426709542,167,132.98499070178,14.8897543195928,-3.85970925426943,0.36144578313253,83586.7828568996,14,5938
55067062,262060.970588235,166262.584106385,3.7019240915726,149060.970588235,166262.584106385,3.7019240915726,110.718676853445,67.2838387723007,2.88661657520405,170,145.862142416677,15.7641499725194,-6.1553406119202,0.307692307692308,80761.7371493214,14,6046
63279891,189252.64171123,104524.552096187,2.08620009466852,76252.64171123,104524.552096187,2.08620009466852,97.4860759243109,55.7884638075265,2.12405139967416,187,138.920702632001,8.82772410150721,0.495844086730997,0.344086021505376,97820.8409674135,14,6366
52747534,339083.718518518,170714.588070468,1.10266988772841,226083.718518519,170714.588070468,1.10266988772841,103.706043810993,55.8057703756841,3.2181966926778,135,134.014532158795,10.5570793516028,-1.33531835945512,0.253731343283582,57734.0637948321,14,6474
35463276,261491.433628319,168102.188717526,4.13922786885391,148491.433628319,168102.188717526,4.13922786885391,93.9394917641496,40.0366221002127,0.790576622546876,113,206.940045463538,22.3727509519393,-5.9380684311988,0.276785714285714,40097.660237566,15,11299
28715245,237591.677777778,123914.217625628,1.04607699609625,124591.677777778,123914.217625628,1.04607699609625,111.018567070036,50.8117638826326,3.42781204933356,90,210.99568208509,15.1552892806859,1.51886713880662,0.292134831460674,33423.4923399162,15,13165
36261035,225295.803278689,138165.427276172,3.6768660838674,112295.803278689,138165.427276172,3.6768660838674,99.2604973647798,56.8783225227974,4.68508033845738,122,220.354752233906,37.0538480862742,-1.12861492601175,0.347107438016529,42743.9190844788,15,322
41498003,246756.5,139586.316661636,1.75061428122477,133756.5,139586.316661636,1.75061428122477,100.535154923019,41.533467830794,0.803279493852924,124,211.820209786222,18.5176938250215,1.17400100122364,0.32520325203252,42913.0646436735,15,3819
34216874,267185.071428571,169629.386674697,4.2250187668729,154185.071428571,169629.386674697,4.2250187668729,111.73409745731,62.2123094372554,3.4940875180637,98,223.310652831813,23.3601781131832,-5.61864690473407,0.350515463917526,31664.9628712831,15,4504
39633706,349998.397849462,307223.718724013,3.52882212632269,236998.397849462,307223.718724013,3.52882212632269,96.6472062982154,56.2617216420918,2.57296699714208,93,222.731694876246,50.1842734486594,-3.54864231386617,0.271739130434783,29555.9623311992,15,4701
38914867,245585.713114754,140269.328679413,2.81898441998712,132585.713114754,140269.328679413,2.81898441998712,117.757441186519,50.5727557318281,1.65515740711466,122,217.690222178171,22.243851402303,-7.73216835164018,0.322314049586777,39998.4697149858,15,5938
24348936,225856.388235294,93509.2482814877,0.60307731983998,112856.388235294,93509.2482814877,0.60307731983998,104.204730834498,27.3626042776924,0.156239728013696,85,236.854263484162,12.8171862214614,0.348509614265077,0.285714285714286,26316.2743446323,15,6046
34088896,231382.513761468,130576.19966444,2.1783879825131,118382.513761468,130576.19966444,2.1783879825131,115.169907540193,70.982679985028,2.72942894704547,109,218.567493933998,33.2887056061177,-4.90451128310209,0.314814814814815,33219.7340991242,15,6366
35931389,262697.547008547,141984.477188377,1.82724976101214,149697.547008547,141984.477188377,1.82724976101214,98.3505081782027,39.0578909545596,1.56372412926415,117,190.28364151516,11.8088326666187,1.71090413634999,0.206896551724138,44097.4433518201,15,6474
34188532,267826.636363636,137530.49681727,0.952056968647733,154826.636363636,137530.49681727,0.952056968647733,97.8174412915761,28.5452868252505,0.0938844823621548,99,211.699867283091,14.5862113367066,0.694694547501904,0.26530612244898,34118.2539706063,15,9977
83795475,513929.06504065,428825.774105341,2.67660283580188,400929.06504065,428825.774105341,2.67660283580188,68.0621141139648,61.334431470321,3.779616361558,123,196.046724055868,40.7741720665803,-3.36270306825149,0.229508196721311,41689.1906120528,16,11299
106812010,537618.103658537,417442.202571653,1.71789413888985,424618.103658537,417442.202571653,1.71789413888985,56.7512473367341,30.6124728353818,1.49645097418297,164,179.414201835789,33.712096406705,-0.226953876964915,0.239263803680982,54643.7866002655,16,13165
97568691,573623.690140845,372391.776506722,1.08945169517179,460623.690140845,372391.776506722,1.08945169517179,62.4182536456814,57.6907786724092,6.44015258195406,142,184.578025512243,36.5787262930597,-1.91369773647537,0.234042553191489,48014.5481181658,16,2725
100800764,567940.056338028,403805.650594332,1.21449451657638,454940.056338028,403805.650594332,1.21449451657638,63.7678859566034,40.5561046763432,4.3590536571185,142,181.424288103393,40.2230585794775,-2.72184046418922,0.226950354609929,46604.8105568046,16,322
82883774,677715.247524753,698156.096725946,4.34796110019577,564715.247524753,698156.096725946,4.34796110019577,74.6867595503744,45.7354112667263,2.53523111185135,101,189.043219574249,37.5758886694978,-3.4159730319806,0.17,32078.3250439352,16,3775
71619173,535012.148148148,413457.242697348,2.03807064680117,422012.148148148,413457.242697348,2.03807064680118,74.263086430187,72.4748563988567,4.0925195664577,108,196.316719772337,40.044659240004,-2.30541361056843,0.233644859813084,37683.9451144734,16,3819
128717037,527248.300469484,326897.448425147,0.959209117143657,414248.300469484,326897.448425147,0.959209117143657,66.0759703945538,56.1152275083891,4.7122328198095,213,190.404071004594,21.6730888818432,-2.94960124900794,0.240566037735849,73760.0644513441,16,4504
154080936,514298.81124498,409165.937102906,1.7654476286293,401298.81124498,409165.937102906,1.7654476286293,65.0265760581472,47.4573893518579,4.30478525245764,249,191.851974362554,33.4695567690571,-2.79940209241736,0.338709677419355,91660.4048789031,16,4584
119253767,563869.494318182,347903.401090804,1.25229988438192,450869.494318182,347903.401090804,1.25229988438192,66.2189986535792,49.1525167044117,3.31474061381984,176,200.236127485796,40.4955756374912,-1.73676651004598,0.285714285714286,60933.9783711349,16,5938
105410564,582027.159509202,392516.4363831,1.17585736511641,469027.159509202,392516.4363831,1.17585736511641,71.7461191310748,54.5925872945517,3.93831681744784,163,192.295369041455,22.9762024296358,-3.48150056686476,0.271604938271605,56335.442076467,16,6046
90245367,577430.737226277,343462.542031007,1.96839121409487,464430.737226277,343462.542031007,1.96839121409487,63.9150184513221,27.6091421209213,0.00324628961810124,137,190.315588891724,29.3263975316908,-1.96081222223326,0.213235294117647,48377.208357815,16,6474
77066148,358413.590425532,226492.572040418,1.70996429055415,245413.590425532,226492.572040418,1.70996429055415,69.3838018694657,29.3660591019583,0.0558307042711828,188,99.7136776888214,11.0356738042938,-0.349608012646388,0.336898395721925,57086.8549830097,17,10879
79762714,369623.259459459,235491.160258119,1.31041176069088,256623.259459459,235491.160258119,1.31041176069088,72.93242993749,38.5166993702174,2.07691579173225,185,103.595731332974,14.1108614050241,-0.14055299644375,0.320652173913043,56882.0280823668,17,11143
66580086,356943.790123457,206288.243653408,0.964929941435784,243943.790123457,206288.243653408,0.964929941435784,73.998965419281,52.1169441891799,3.84227524065455,162,98.2601887245331,9.96637180549199,0.265896849035283,0.335403726708075,54264.1089002931,17,13165
58770390,373130.528985507,221047.841861459,1.00962189230755,260130.528985507,221047.841861459,1.00962189230755,71.6822035373614,28.1822771993175,0.288750889343997,138,104.668078962504,11.4822801472074,0.27892101821974,0.335766423357664,41945.2425467569,17,2725
62913472,353424.870967742,219853.29406668,1.20606979851724,240424.870967742,219853.29406668,1.20606979851724,73.6182233742197,33.6296568120418,0.851837367745986,155,101.982092592431,9.3127640103409,-0.328727921518107,0.357142857142857,46716.5839660249,17,3775
82112578,328137.660465116,210099.380789056,1.37327427439463,215137.660465116,210099.380789056,1.37327427439463,73.4293741934872,53.3526085823783,2.54428320185828,215,104.604227516391,10.7273137080404,0.622651391799699,0.383177570093458,64977.2988121481,17,3819
50313954,270359.797297297,146226.893940022,1.25312977953114,157359.797297297,146226.893940022,1.25312977953114,88.3243820651842,52.715244546255,3.02456042600059,148,100.818516710263,9.04689443448676,-0.0538139944656571,0.380952380952381,49130.094606194,17,4094
57297161,313738.429487179,163581.239056085,0.815449291628902,200738.429487179,163581.239056085,0.815449291628902,80.4393805776796,34.993662499231,0.961739405321888,156,109.889596996552,11.7379494584868,0.0438108018495364,0.32258064516129,47872.1085540165,17,4504
100485466,362170.417355372,236812.066104399,1.61923584117991,249170.417355372,236812.066104399,1.61923584117991,84.9118180671022,58.9762337771917,3.60196997493794,242,106.761041463567,13.8132989485523,-1.03491397173728,0.352697095435685,76408.1768114105,17,4584
61929985,330921.402515723,222618.215376048,3.35985049705818,217921.402515723,222618.215376048,3.35985049705818,60.8307580044641,35.9961771493161,0.711801453722628,159,95.7445649901297,9.47119994954019,-0.113774224981636,0.360759493670886,51819.5737054402,17,4701
121217763,286523.340057637,187944.182497283,1.70391953922219,173523.340057637,187944.182497283,1.70391953922219,71.6270139009499,38.21174883415,1.72224781828348,347,101.430755085176,15.1033927982531,2.55890671004565,0.375722543352601,106933.869726059,17,5938
56880512,370997.447761194,210459.418018142,1.03167013566365,257997.447761194,210459.418018142,1.03167013566365,71.7054705574438,27.892344424723,0.0376587084675606,134,111.223645288115,11.8903111772733,0.253889837600618,0.330827067669173,41514.976334934,17,6046
143942840,295844.350617284,163110.194268802,1.10129322675119,182844.350617284,163110.194268802,1.10129322675119,81.1695572016187,69.9387235380406,3.78924504036346,405,100.168344292656,11.1038247647063,-0.16700635813163,0.378712871287129,128878.229307531,17,6366
60120912,267108.48,148636.111047407,1.14357006697404,154108.48,148636.111047407,1.14357006697404,71.5307041246145,36.6676695734787,0.455921423113485,175,96.6414606844346,10.7833193547983,-1.53279714107941,0.385057471264368,61400.1861211566,17,6474
65546664,348338.88125,243919.119284179,1.87533280390755,235338.88125,243919.119284179,1.87533280390755,92.8593294749829,81.4570692523071,2.97570227578754,160,100.887179745676,12.2669137784545,0.409138180931225,0.333333333333333,49012.6507116327,17,9977
60446569,486242.263157895,263952.605472393,0.997246243913375,373242.263157895,263952.605472393,0.997246243913375,78.4244743862217,47.2636238599265,5.27881566903097,114,127.894757300737,5.90929255118329,0.00750527784435219,0.15929203539823,38622.6407896277,19,10879
60130218,529249.858490566,278699.645890302,1.0327270020779,416249.858490566,278699.645890302,1.0327270020779,87.1973062048528,25.3525163738089,0.614355797706131,106,138.277335813004,4.93903308841799,-1.01956746789423,0.104761904761905,37281.9749463367,19,11143
71229789,481543.558823529,236583.24543131,0.948582661290516,368543.558823529,236583.24543131,0.948582661290516,76.7504355142203,21.8407304934028,-0.0955496317691667,136,121.52922371011,5.16451002097439,-0.0111834090504777,0.192592592592593,49429.4085512538,19,11299
51930601,455682.485714286,222617.137885926,0.705678914939944,342682.485714286,222617.137885926,0.705678914939944,87.5703564311979,40.4944744555128,2.40412916011072,105,128.377459546694,6.48750594769016,0.474527096236978,0.134615384615385,36349.4821073827,19,13165
67479893,436260.079710145,203744.63601842,0.510748549737002,323260.079710145,203744.63601842,0.510748549737002,84.4545867637302,59.6956963630913,4.95989062558277,138,128.529366842446,10.7749322212641,0.591954312886841,0.204379562043796,46458.7320979768,19,2725
58996965,497335.851851852,247761.425459372,1.07488003196543,384335.851851852,247761.425459372,1.07488003196543,82.9218924547153,23.3557862974977,-0.0660679627654694,108,133.149948864644,7.27575085996815,0.545213452458643,0.214953271028037,35123.8793796845,19,322
60479938,483869.382608696,215651.377886698,0.77639085240637,370869.382608696,215651.377886698,0.77639085240637,89.7544513763476,42.4794298032317,2.54219145739715,115,131.99523410827,6.98960860277764,0.360613005551229,0.114035087719298,38463.4087665198,19,3775
74496271,500104.103703704,293799.666851062,1.0133147793333,387104.103703704,293799.666851062,1.0133147793333,77.8674644651184,31.8441011639505,1.80945768862973,135,132.544502219629,8.20841792488319,0.812378764322736,0.171641791044776,46426.4593870005,19,3819
65929906,444988.257352941,239055.206799694,1.53756787011923,331988.257352941,239055.206799694,1.53756787011923,86.5161214296691,36.6349847744238,2.66790632929893,136,131.635177188853,6.08678314315721,-0.0976219145084685,0.22962962962963,50645.9272256947,19,4094
47280655,371066.869565217,208927.057936266,1.24906882150794,258066.869565217,208927.057936266,1.24906882150794,89.4910662338025,40.3177723276245,2.82274701249538,115,124.251201132601,7.09254380242782,0.735866841476578,0.192982456140351,40327.7787872946,19,4504
64613264,466247.031746032,239912.898302394,0.754275409770333,353247.031746032,239912.898302394,0.754275409770333,79.2730241878158,39.9971199603533,3.0817309868946,126,121.010281027677,8.13908809422417,1.60018641955569,0.176,43314.1181608936,19,4584
54597172,504196.06,269183.409030289,1.24053158808053,391196.06,269183.409030289,1.24053158808053,92.4041671130611,47.3373377866167,5.42232014019581,100,116.72046247638,4.94003654027526,-0.186208549268495,0.161616161616162,35083.50478592,19,4701
56547039,475778.651376147,250901.435288116,1.12558506775466,362778.651376147,250901.435288116,1.12558506775466,76.1654104473945,24.6982067019587,0.0509700304050468,109,128.646732201793,6.33394774408791,-0.309724990967296,0.0833333333333333,35665.8523617623,19,5938
57813547,485622.309090909,236758.857214117,0.832074662908004,372622.309090909,236758.857214117,0.832074662908004,80.0034172516784,22.5531252641438,-0.472638673710505,110,124.169513444572,8.31547018590586,0.585478455038875,0.0917431192660551,38083.9765519496,19,6046
66027847,472935.209677419,220494.944469312,0.69035236916376,359935.209677419,220494.944469312,0.69035236916376,78.732658994619,27.4846001349216,-0.593192725126999,124,134.530674775532,13.4828960464728,-4.42691034440637,0.219512195121951,43962.881951685,19,6366
60679806,412643.604477612,230543.073905746,1.04405668268396,299643.604477612,230543.073905746,1.04405668268396,90.0166333554867,45.0078106693396,5.64157132647314,134,132.203947080037,8.54809700624473,1.25212882883465,0.255639097744361,47573.0978248013,19,6474
59213564,439474.385245902,189107.813517001,0.114861641145729,326474.385245902,189107.813517001,0.114861641145729,80.2893830436837,31.4668643988762,0.46953588298253,122,122.385783603915,6.86433258977375,0.666994848779172,0.190082644628099,42036.803618101,19,7784
46797566,396555.785046729,216722.651059429,1.37326735453299,283555.785046729,216722.651059429,1.37326735453299,84.2319682455831,31.7558782981206,0.26289613808132,107,128.35592934608,6.37638547978469,0.00592664808293389,0.179245283018868,36633.8860772162,19,9977
51947474,170081.00990099,85958.7017179174,2.30634196234871,57081.0099009901,85958.7017179174,2.30634196234871,141.209629794391,175.150598382265,2.24804838448528,101,222.720811053901,11.9529033482446,0.441670398283967,0.43,49938.9968776508,20,10879
57761782,322673.582733813,221309.824203827,2.25626090967194,209673.582733813,221309.824203827,2.25626090967194,82.2480477486858,70.4202005224742,4.70627876771838,139,206.734147050612,19.431587173289,-6.97720734431263,0.268115942028986,57615.4269466887,20,13165
64679831,270263.139664804,190313.848247559,2.08381164806986,157263.139664804,190313.848247559,2.08381164806986,71.3603256133405,36.7760408573164,0.262725783662509,179,208.983706149949,11.2971947132806,-1.7111465027885,0.421348314606742,72370.1733942982,20,2725
58413756,344925.118055556,203349.350681929,1.26449498095537,231925.118055556,203349.350681929,1.26449498095537,79.8269605022615,36.3759855618779,0.325738293874655,144,231.967780546545,10.0896374599143,2.34106555365998,0.321678321678322,51645.5827012971,20,3775
65464280,349401.7,190088.489715016,1.08487030155752,236401.7,190088.489715016,1.08487030155752,79.2535607728269,66.3436417981782,3.9010604674171,160,209.687461509266,9.29867856735384,-1.59052997488114,0.320754716981132,69425.325129673,20,3819
64029321,420588,272544.511363513,1.34418254150394,307588,272544.511363513,1.34418254150394,73.2088889783852,39.3544405603169,2.95638491967272,134,191.309332702163,6.87282861555089,-0.225281885055557,0.270676691729323,50094.761556566,20,4701
69996470,350071.075581395,211556.24644621,1.34875396395521,237071.075581395,211556.24644621,1.34875396395521,100.23578110255,105.864190929437,2.86601880114396,172,214.395795085058,11.3172827608632,1.27697211373281,0.368421052631579,64570.2121981896,20,6366
71746337,324384.87027027,172233.152937707,1.25375723046696,211384.87027027,172233.152937707,1.25375723046696,81.958417957532,38.1278481706168,0.356370671115463,185,255.643382203673,12.9492184780916,0.393289584465206,0.342391304347826,75449.8958305634,20,7784
62697298,427193.676691729,254531.582716576,1.21452672525076,314193.676691729,254531.582716576,1.21452672525076,94.8013047555113,36.2955925941197,0.00174083994550151,133,175.327504912886,9.386958984346,2.0769915545043,0.272727272727273,50175.1583677075,21,10879
58197216,472452.982142857,300062.991432654,1.16292179011062,359452.982142857,300062.991432654,1.16292179011062,89.5189722984984,43.0069987964543,0.690345464909602,112,179.29004617328,10.8425297635328,1.10516903435632,0.252252252252252,44135.867909402,21,11143
56663809,448303.373913043,256398.144500685,1.05586517675145,335303.373913043,256398.144500685,1.05586517675145,87.4718413881198,51.4693368233836,2.44316768022401,115,180.232936166244,8.44854310888442,0.662939170482633,0.263157894736842,44303.5203491381,21,11299
46231031,425768.683673469,225191.547306558,0.775629216417625,312768.683673469,225191.547306558,0.775629216417625,93.9317537974208,39.431186432147,0.971550481967103,98,180.289664682274,10.4295492971485,0.692816317986225,0.257731958762887,35771.5827441661,21,13165
57080280,452693.344827586,263156.459338715,0.774695428659779,339693.344827586,263156.459338715,0.774695428659779,97.1660948507482,45.7069743567577,2.17119051544239,116,189.844659327206,9.97341017612013,0.590550890030884,0.278260869565217,41822.416953192,21,3775
67956456,412117.382550336,294232.852076943,1.92508677155816,299117.382550336,294232.852076943,1.92508677155816,97.5573304753043,43.2273273400326,0.599579051116897,149,182.553268750029,9.46821897771039,0.348811385924666,0.317567567567568,52901.099142466,21,3819
54713682,470654.622641509,293276.314598706,0.662999401754851,357654.622641509,293276.314598706,0.662999401754851,87.2962815884226,39.2483123271487,1.38782520679427,106,179.041923597142,6.33901544646865,0.407185594134758,0.257142857142857,39471.7234419146,21,4094
58163526,352897.195652174,258540.697347981,1.63154977295992,239897.195652174,258540.697347981,1.63154977295992,87.4165415361421,57.2316377874912,1.93829759402386,138,189.456265074919,20.7937985518299,-1.84832342463634,0.277372262773723,50977.5081613382,21,4504
50880930,440236.371428571,268488.02331329,0.718490380378655,327236.371428571,268488.02331329,0.718490380378655,95.1760932941546,44.6552987936762,2.58080914715084,105,181.093034798828,17.4691978690106,1.54160085371852,0.317307692307692,36683.8190159846,21,4701
66029996,456580.541353383,249597.098414033,0.689491568612936,343580.541353383,249597.098414033,0.689491568612936,88.8059737924676,36.7217251979388,0.555132018315868,133,180.37009288614,7.23917458906178,0.487329977865295,0.234848484848485,49064.2725357711,21,5938
61913642,412346.389705882,267563.138888975,1.26353824990009,299346.389705882,267563.138888975,1.26353824990009,94.7272196345017,49.3742824454188,1.94451240969423,136,184.455243191094,8.34672408438774,-0.038517440725645,0.303703703703704,49544.4641319299,21,6046
64746730,406527.288732394,246143.73560955,0.915639502474278,293527.288732394,246143.73560955,0.915639502474278,89.0976127887257,44.8307245445595,1.62170046284142,142,183.123587589593,14.2487362906874,1.0960646074714,0.269503546099291,52032.1916605002,21,6366
61030204,442013.865079365,324291.01612756,1.6519047231451,329013.865079365,324291.01612756,1.6519047231451,107.611563569314,61.2434462568257,2.31056985844589,126,186.932655752038,14.0294874777428,1.45703503123051,0.328,49369.8390537609,21,6474
65246673,460604.3515625,287514.208011585,0.96090118598537,347604.3515625,287514.208011585,0.96090118598537,96.000221160767,55.2606639701802,3.27016517375826,128,184.07625159771,8.6792318131838,0.578616104625825,0.299212598425197,47141.5070369244,21,7784
55763961,486522.048076923,259454.755840699,0.542368654340853,373522.048076923,259454.755840699,0.542368654340853,86.2449835168194,36.1324847737175,-0.105587222442242,104,181.082181955206,8.666370127641,0.0797924275496764,0.300970873786408,38488.8595748084,21,9977
86273705,307358.405797101,432324.545545312,9.10971590612751,194358.405797101,432324.545545312,9.10971590612751,65.6018062452143,37.1649901509036,1.21590356786417,207,99.3142398596092,16.8009383180774,-4.33893931047074,0.330097087378641,74004.6779391304,22,13165
55927740,325364.635658915,354435.359334678,5.60852824199098,212364.635658915,354435.359334678,5.60852824199098,64.3615479312417,36.1936608585124,0.517287790888509,129,106.464663673209,13.1732539302155,-4.19509295552142,0.375,42609.8501783028,22,322
66696630,245840.093406593,168071.41940823,2.20990573377416,132840.093406593,168071.41940823,2.20990573377416,73.2615347394374,41.2211208690002,1.81335973237676,182,108.485067411808,6.51455151470868,-0.21452779441513,0.397790055248619,60175.0604219978,22,3775
75643853,294261.724867725,204917.711677121,1.43221984486963,181261.724867725,204917.711677121,1.43221984486963,74.7313305604133,43.3877218454844,1.80770246056496,189,107.697807153699,10.7196759421368,-5.09611773159382,0.382978723404255,68219.1692678662,22,4584
64212525,297291.916666667,308507.00165903,7.40592566875371,184291.916666667,308507.00165903,7.40592566875371,77.7250737029382,57.9610395087655,4.82300090239906,156,108.501834399286,15.7191368159553,-1.78303657166956,0.335483870967742,50504.3185116108,22,6046
67144593,242884.479768786,211356.969687997,4.35081425580624,129884.479768786,211356.969687997,4.35081425580624,63.6395972505687,32.09269485887,0.905890844637384,173,114.287200278655,17.5846260375203,-3.48738157198476,0.418604651162791,66096.5631269635,22,6366
72902412,242639.321428571,268828.131413121,8.90248178350932,129639.321428571,268828.131413121,8.90248178350932,75.6564129132443,45.2738095177791,1.04352290815758,196,102.807321780716,13.0601407711804,-2.20184523466062,0.425641025641026,68157.6006280039,22,7784
60188765,328535.029850746,288797.021620786,4.12798091421741,215535.029850746,288797.021620786,4.12798091421741,94.5655302670042,74.972790439836,2.41281498316267,134,135.132815072309,16.1676454233542,-5.23368686796422,0.323308270676692,45630.5272729764,23,13165
99284007,364349.629107981,676527.895398336,12.2684705265102,251349.629107981,676527.895398336,12.2684705265102,108.130895905395,68.4492070161362,1.7142122208078,213,131.036766533963,18.7136783929184,-4.97011883870359,0.429245283018868,71212.0678465763,23,4584
93132567,353608.675925926,275429.948443311,3.83515589793616,240608.675925926,275429.948443311,3.83515589793616,91.0531642468574,64.0176125287017,3.06591742898371,216,132.748665740491,17.0647941711441,-4.2470221900852,0.33953488372093,81143.8539732824,23,6046
120202109,371679.476923077,712042.291520196,11.6979337752293,258679.476923077,712042.291520196,11.6979337752293,93.7227595639783,68.1657342339272,2.82198788176268,260,130.961527885421,15.9111580396982,-5.01065552072822,0.374517374517374,87217.133210313,23,7784
93423268,346587.339622642,283204.973135669,2.85882089694558,233587.339622642,283204.973135669,2.85882089694558,100.583669694622,70.3179131564605,2.16956460411408,212,135.010494982073,23.0310879853313,-2.44819317416735,0.360189573459716,69655.2840696843,23,9977
84579160,552292.183098592,342228.686961903,1.014019784588,439292.183098592,342228.686961903,1.014019784588,73.4930697441218,26.3518414013185,0.121430000452368,142,99.4363126766422,8.33587896761242,0.503765678454942,0.26241134751773,53842.3988169826,24,10879
87328988,641961.71875,413153.766052754,1.02655989933915,528961.71875,413153.766052754,1.02655989933915,83.4093404255202,42.9936583135287,3.74969039457287,128,94.4858252654575,16.0746626876527,8.67912851203281,0.330708661417323,45501.6623976834,24,11143
95928541,622911.972222222,387239.453980611,0.645209359882092,509911.972222222,387239.453980611,0.645209359882092,77.2044950182943,31.1366021563814,0.866594863362545,144,98.8580129719614,8.38135063205352,0.624561863254348,0.356643356643357,50496.4611227534,24,11299
84812366,652729.475409836,429263.186918305,1.90436620479616,539729.475409836,429263.186918305,1.90436620479616,84.3846512640236,58.5898110039837,5.24612348502817,122,99.2724944407344,9.19857972967337,0.353650377462703,0.264462809917355,45099.9112636749,24,13165
113729061,496687.09569378,280412.526803352,1.08690484778187,383687.09569378,280412.526803352,1.08690484778187,76.2460508657374,34.9590941055956,0.754572538832609,209,110.571959648581,11.210026197404,1.72578412799718,0.350961538461538,77524.6800453972,24,2725
76911961,620755.572649573,389806.086205169,1.54622834250488,507755.572649573,389806.086205169,1.54622834250488,82.9067983959752,34.720735132204,0.952194635770133,117,87.8569629313824,6.33351719497182,1.08751358879707,0.379310344827586,41597.052330788,24,322
81412454,581473.458015267,339766.209269353,0.784488724654845,468473.458015267,339766.209269353,0.784488724654845,78.3972759405515,27.6991219106029,0.270239692764684,131,97.5166113164241,9.79670965567827,1.50776352958265,0.284615384615385,45404.9066353699,24,3775
90383251,630505.119402985,403992.213889202,1.45414723687623,517505.119402985,403992.213889202,1.45414723687623,86.8177441710973,48.9728796767847,2.56027339038295,134,90.5183123242412,8.92081827362871,0.933116281112136,0.330827067669173,50595.8368000738,24,3819
72010759,546488.163934426,306719.804756082,1.09703483145858,433488.163934426,306719.804756082,1.09703483145858,73.1767840553481,30.810129974712,0.39541316358125,122,87.7284704083764,8.21352478874056,0.970512260553067,0.31404958677686,42063.5794352751,24,4094
101761628,622300.5,421959.956726284,2.21730498428102,509300.5,421959.956726284,2.21730498428102,86.6808609386877,31.0936387880405,0.618954308592985,154,99.0596965968285,12.3480463819565,0.362547033140993,0.30718954248366,57939.3453942396,24,4504
76818132,563386.850393701,329915.493636233,0.905394347979483,450386.850393701,329915.493636233,0.905394347979483,88.4599746803698,66.5472914618463,4.20598763400745,127,97.3119237978021,7.34687545292746,0.385116019205595,0.285714285714286,43864.4941211255,24,4584
118234562,465767.323144105,318247.884173023,1.14739149037565,352767.323144105,318247.884173023,1.14739149037565,61.4870325101535,29.45403154066,0.170891352423285,229,105.069130619302,9.77580000534534,0.516115166702173,0.342105263157895,91165.8022997843,24,4701
76796074,603914.319327731,366047.119765858,1.08012798710407,490914.319327731,366047.119765858,1.08012798710407,82.328581134734,30.6465653872402,-0.115373002873902,119,94.0595532974955,7.60650705744851,1.01817886728255,0.288135593220339,41175.3866220418,24,5938
100577987,452299.079207921,315326.903166824,3.39120213672036,339299.079207921,315326.903166824,3.39120213672036,72.5672611918334,36.7117447874321,0.593227058712664,202,103.445457987744,11.5954987644226,0.953303947360791,0.398009950248756,73587.0926094598,24,6046
113318975,516756.974747475,299683.194940559,0.948064050278244,403756.974747475,299683.194940559,0.948064050278244,74.2712528945396,30.1107866663436,0.46099896310336,198,103.663938179957,16.4696322215338,-0.710896593062233,0.3248730964467,70789.7618302393,24,6366
105527984,569478.639534884,353256.204085784,1.0530460529583,456478.639534884,353256.204085784,1.0530460529583,81.3705254740289,70.1008576849227,4.17020044687382,172,93.5887511812282,8.63125282060492,0.424220944417736,0.333333333333333,67634.0242529192,24,6474
109911130,619048.628742515,383516.124647526,1.20704336526879,506048.628742515,383516.124647526,1.20704336526879,79.8193034252221,53.765801954396,5.17160749138809,167,92.7859879035786,8.58813783292335,1.03493243956824,0.343373493975904,59341.4447345063,24,7784
97012622,555399.300613497,343463.961316484,0.785081884186631,442399.300613497,343463.961316484,0.785081884186631,75.3156342790794,29.9095217337196,0.0878712679139222,163,99.2579794044089,7.7379571271432,0.699966929675701,0.327160493827161,61240.3037697293,24,9977
55763764,420881.512396694,252615.6171455,0.915678817407731,307881.512396694,252615.6171455,0.915678817407731,92.6107904106501,64.024377813072,4.63901301233958,121,123.368196739668,11.259314445665,2.48849232523176,0.216666666666667,46777.0516019671,25,10879
69629734,493982.093023256,301899.575966947,0.667150073663791,380982.093023256,301899.575966947,0.667150073663791,84.895175813324,35.4487479571622,0.894731107382663,129,122.555910169186,6.76423860174394,1.36008877653959,0.2734375,50883.6924600565,25,11143
60730092,419181.72519084,270979.406660133,1.49133456243476,306181.72519084,270979.406660133,1.49133456243476,86.5547456660246,30.5791575525079,-0.236731279371133,131,141.036459287288,7.09799038378791,-0.00581625718461411,0.330769230769231,55556.6378798059,25,11299
63264695,412112.514492754,303538.57665502,2.97726824005987,299112.514492754,303538.57665502,2.97726824005987,88.9800340883189,53.7372995313636,3.62677816230454,138,112.406134205597,5.75550113341751,0.120220765915392,0.328467153284672,53336.7872618172,25,13165
64029322,466315.08,330556.515229622,1.75552958617011,353315.08,330556.515229622,1.75552958617011,85.5437780811422,35.0657032022834,1.28952790497778,125,131.270921148732,7.2235384031406,0.552763141808764,0.25,45476.1318840368,25,2725
59330003,446273.836065574,272999.096395664,0.826087989555015,333273.836065574,272999.096395664,0.826087989555015,93.9134560384821,41.9460386454112,1.81515170473979,122,114.920486996098,4.69972944354359,0.950157520772603,0.256198347107438,48377.3605472537,25,322
63195547,357592.256578947,228538.274783199,2.04923355124734,244592.256578947,228538.274783199,2.04923355124734,82.8406189461285,33.7350876469205,1.04389268768014,152,111.930002984273,11.2510759633241,-6.07954338393819,0.304635761589404,54783.3785687494,25,3775
96178104,456356.713541667,288117.253428313,1.089303849813,343356.713541667,288117.253428313,1.089303849813,95.418680379713,58.0995087375089,4.3485908819233,192,114.760489960994,6.71516338873235,0.419434969312621,0.329842931937173,73003.978280798,25,3819
58357109,436662.890756303,297397.190445473,1.6905835237842,323662.890756303,297397.190445473,1.6905835237842,96.3401302329573,47.3548808414841,2.77676876935953,119,132.198905141227,7.52228477447078,0.873134080616163,0.279661016949153,49067.8201017047,25,4094
99444550,408125.155963303,264008.522458922,1.12717604929406,295125.155963303,264008.522458922,1.12717604929406,85.2806624699988,33.851283883938,0.951197331172822,218,131.492224913671,8.30940702298177,0.00146140570849529,0.285714285714286,82521.7767143609,25,4504
74881372,461074.97972973,294575.254229753,1.58149237800755,348074.97972973,294575.254229753,1.58149237800755,88.551654983089,49.6738940044776,2.21188511751092,148,130.832133636713,9.37715435161084,1.38288846170203,0.26530612244898,54360.4618000409,25,4584
59296912,470899.447368421,276365.378456107,1.27259144657658,357899.447368421,276365.378456107,1.27259144657658,88.6245358381231,45.4917325884903,3.31371836074107,114,118.812246527736,6.43928146108468,0.986341445009633,0.309734513274336,43060.3595314356,25,4701
74279561,487221.079136691,324234.782152634,1.39970063777722,374221.079136691,324234.782152634,1.39970063777722,86.2670462428053,36.809374750489,1.56567695234522,139,137.928537968183,7.89119227496715,0.0509802377475216,0.27536231884058,55748.0653165524,25,5938
66946546,458869.380597015,261806.164849464,1.25697656229919,345869.380597015,261806.164849464,1.25697656229919,83.4132182346075,30.8358065924614,-0.490985039859299,134,128.429899303049,7.34525988767522,-0.0899991826297955,0.24812030075188,54253.5972952022,25,6046
66646589,451706.432835821,309466.758824433,1.27892778398348,338706.432835821,309466.758824433,1.27892778398348,79.0440785287749,29.6825070790256,-0.237471511021293,134,129.99911697906,10.5747911607785,0.895325892298274,0.278195488721804,48480.5737818544,25,6366
91685916,376675.672897196,258614.17484305,1.9917936801017,263675.672897196,258614.17484305,1.9917936801017,85.0762252648768,50.4801587334328,3.54353711008879,214,110.165315488348,9.23842099828662,-0.286632582079197,0.370892018779343,93427.9160561341,25,6474
109200646,471530.476190476,336438.20995645,1.30560141728773,358530.476190476,336438.20995645,1.30560141728773,82.9474417655596,38.7627952454214,1.77243661728624,210,124.962726624517,6.83400086380449,-1.60717839304887,0.339712918660287,80114.230689483,25,7784
105644479,461484.76097561,320270.787422796,1.57721988093361,348484.76097561,320270.787422796,1.57721988093361,80.2753004959977,32.5061632341379,0.315331740611497,205,128.690619940601,7.47600181192784,0.240591726576455,0.294117647058824,80542.8697398115,25,9977
55664053,359014.409090909,195683.709495783,0.983536048878805,246014.409090909,195683.709495783,0.983536048878805,87.3661763203533,58.580251211574,3.39515330074931,132,149.621884023014,9.90465520086662,0.124116300581725,0.221374045801527,47053.5718588975,27,10879
50464209,370041.583333333,222907.311220243,1.32843621430903,257041.583333333,222907.311220243,1.32843621430903,97.6277140912953,62.1712455182968,4.12142359464285,120,137.951262623368,11.8082578020529,0.369640412463121,0.184873949579832,45251.7235112043,27,11143
66034649,414626.177304965,421721.463461917,7.40859988377882,301626.177304965,421721.463461917,7.40859988377882,79.8526720919037,53.0390572829458,4.37197377910414,141,143.592564507797,19.4813350873991,-3.47442381443297,0.264285714285714,53356.9486410913,27,11299
50797402,391703.586206897,219288.410559724,1.44944392777516,278703.586206897,219288.410559724,1.44944392777516,111.169793044791,84.5410754173965,3.1678872692626,116,152.979667481428,11.8878846061152,-0.314731852294146,0.208695652173913,45977.6994463832,27,13165
55313820,391582.555555556,214045.005784206,0.849167452214963,278582.555555556,214045.005784206,0.849167452214963,80.2848645368742,34.2589162403313,0.152589133114529,126,166.143565153451,15.5371201660315,-1.70993737799073,0.216,47007.8562736146,27,2725
49564380,355874.941666667,199545.645689531,0.905606001381168,242874.941666667,199545.645689531,0.905606001381167,89.1643071908502,67.2806363354481,3.28581814662341,120,154.694499854314,13.1717276133612,-0.635124905285321,0.184873949579832,44789.2985459778,27,322
56361873,406689.844262295,216272.533506429,1.16334768602366,293689.844262295,216272.533506429,1.16334768602366,100.889622700165,68.9554934724858,3.6822076337295,122,141.479674071238,7.10446645064026,0.721571704774027,0.256198347107438,41827.7744501243,27,3775
69113055,395884.927631579,242499.043801518,1.83601033145469,282884.927631579,242499.043801518,1.83601033145469,81.8820087377334,45.9406683778859,2.02526833145347,152,146.956910739456,11.7238918423787,-0.0549080811272089,0.23841059602649,57085.7766739574,27,3819
50463999,362452.925,191584.829834354,0.933919517859333,249452.925,191584.829834354,0.933919517859333,98.6983747754413,79.6223555437393,2.35621829849008,120,143.820506566365,11.6869562278863,-0.898224624333999,0.226890756302521,49841.2616823558,27,4094
52063959,354915.744,190889.179279873,0.77651606571707,241915.744,190889.179279873,0.77651606571707,98.2807343578775,81.0390109170291,3.71951046775214,125,145.367216413072,11.1372252782654,0.576564153786414,0.201612903225806,43521.2182840207,27,4504
48780917,382638.821428571,219859.517347538,0.577070129933214,269638.821428571,219859.517347538,0.577070129933214,98.3437495710523,67.5654517961049,3.86828294383135,112,149.349228067598,12.2458217140378,-0.741819080223134,0.207207207207207,41643.9812024219,27,4584
51364084,384128.863247863,198669.699547147,0.536231512543556,271128.863247863,198669.699547147,0.536231512543556,79.4058517711262,33.50558585386,0.13707580327984,117,148.440104894209,11.0791167099454,-0.354489804199902,0.241379310344828,42740.4048409715,27,4701
55298309,400752.520661157,242851.729449408,1.26791544515377,287752.520661157,242851.729449408,1.26791544515377,95.2923195793612,65.3871532389645,4.6885121005411,121,132.735982153551,8.49237319710817,0.614940301565897,0.233333333333333,42420.8504880377,27,5938
47847463,423561.940594059,241142.818795245,0.876596358079993,310561.940594059,241142.818795245,0.876596358079993,87.2933058764343,29.8002912922756,-0.0905006222526968,101,158.755256857668,12.3695674816972,0.289154029649429,0.12,36681.8254463313,27,6046
57113635,441087.145299145,217594.907818851,1.06977611359525,328087.145299145,217594.907818851,1.06977611359525,90.7462571207869,58.335656310732,4.92731751091542,117,141.998984981004,9.80705496563349,0.156608597543151,0.137931034482759,41274.4768261839,27,6366
65196541,332786.592814371,187584.439749662,1.69748542574545,219786.592814371,187584.439749662,1.69748542574545,111.128824556716,119.449063483094,4.08489678741506,167,146.870076305903,13.7948520004047,0.055461677748904,0.259036144578313,64512.3844932907,27,6474
56163735,404615.685950413,229093.999956315,1.56306511288375,291615.685950413,229093.999956315,1.56306511288375,79.0480886928554,37.8005798033846,1.67746747555276,121,133.532035603692,10.5573917074618,0.504246767758029,0.175,46208.3994636547,27,7784
51712313,382762.75,192802.550413443,0.404211739917779,269762.75,192802.550413443,0.404211739917779,80.3974012675041,42.9629547364533,1.13241739896772,116,147.769054029147,11.7033932091628,-0.285325118845857,0.173913043478261,41556.9872495587,27,9977
71461004,312311.868852459,224191.192290857,2.26754258540554,199311.868852459,224191.192290857,2.26754258540554,88.605592799484,70.1302717713775,4.34263162562694,183,114.193893710638,10.5482210523782,-6.90852631892607,0.324175824175824,73241.1410013454,29,10879
50614070,311703.833333333,186359.421048407,0.998358095893899,198703.833333333,186359.421048407,0.998358095893899,83.7486944108677,35.4924488152263,-0.0538891702348389,138,128.001642724384,5.01123598263631,-0.850638229161618,0.218978102189781,51396.3160755534,29,13165
66363364,312758.242774566,174229.496229492,1.46922185947563,199758.242774566,174229.496229492,1.46922185947563,82.2595630964196,33.5280535463848,0.360612501888999,173,116.167141617461,5.06728728380339,-0.596760584896127,0.325581395348837,61738.6396086624,29,2725
49463062,314416.79389313,218464.074628679,4.51557251671208,201416.79389313,218464.074628679,4.51557251671209,85.1732620787374,33.552893296756,0.158012596099588,131,129.497467221653,13.3235084631351,-6.29109722040694,0.230769230769231,52467.9177273805,29,322
54980634,279330.729032258,143993.198648016,0.626334165691949,166330.729032258,143993.198648016,0.626334165691948,88.6791083642961,43.1057917464899,0.709654709145295,155,117.885049824455,8.26892635640089,2.29309478794319,0.350649350649351,60449.5444525705,29,3775
75896235,351068.288770053,219876.696645834,1.48531303875589,238068.288770053,219876.696645834,1.48531303875589,76.7550702250281,38.1261548893604,1.48963411760193,187,113.157242854196,4.48551946880944,0.551251704016796,0.365591397849462,66965.7408765348,29,3819
57447140,328977.123287671,230808.655501236,1.99638271814387,215977.123287671,230808.655501236,1.99638271814387,79.6076123091797,27.8695824467088,0.410529303682897,146,120.653052066288,4.10092414401246,0.199873373442284,0.275862068965517,57413.5616004369,29,4094
57313594,294749.66875,193848.92653021,2.3264902603947,181749.66875,193848.92653021,2.3264902603947,85.4986542970453,71.942804005594,5.00094063626169,160,114.289357324469,5.58449947989034,0.595990500609292,0.339622641509434,56764.2353961274,29,4504
69665018,414506.827586207,809684.644069155,9.83090567096717,301506.827586207,809684.644069155,9.83090567096717,73.57688011983,30.5649633067186,0.0770409315509029,145,113.928893053573,7.76998376164746,1.41143163182306,0.305555555555556,49277.9360542329,29,4584
70846141,373100.729559748,284095.853785808,3.17063771552859,260100.729559748,284095.853785808,3.17063771552859,72.8372218645275,41.156199289062,3.47922509143185,159,113.274455104753,3.58640394455499,0.262219608789176,0.284810126582278,60994.2285807607,29,4701
53047303,326580.830882353,184181.871774394,0.929725914543673,213580.830882353,184181.871774394,0.929725914543673,81.2960074121359,30.7772405772305,0.269030711159919,136,113.739335157259,10.9962257772326,7.49783226823395,0.311111111111111,46989.712107272,29,5938
56047079,282109.435582822,147065.159748124,1.11554849253565,169109.435582822,147065.159748124,1.11554849253565,74.9789923099947,39.8933226438502,1.13874287082893,163,118.558065871223,7.23150452700736,2.99315132103746,0.320987654320988,58873.1721013694,29,6046
69046411,361126.554216867,208879.965582629,1.00059118294447,248126.554216867,208879.965582629,1.00059118294447,83.0546565062766,34.7348549724745,1.2113353601887,166,125.03110238041,6.7614961370566,1.50720797028927,0.303030303030303,58340.3086016733,29,6366
82012460,289015.065789474,181469.727167888,1.69864454172711,176015.065789474,181469.727167888,1.69864454172711,71.1021341033371,31.9398203258543,-0.212562501639382,228,123.326001818192,6.77869984845579,0.488589806763297,0.330396475770925,97589.2281081941,29,6474
69344398,365665.533742331,254817.217159365,1.84436027972864,252665.533742331,254817.217159365,1.84436027972864,74.9249008794552,33.6661923407793,1.20273327613037,163,121.843699146305,4.62939116819566,-0.00544409557117616,0.271604938271605,64938.4179768144,29,9977
79295955,452579.727848101,281922.269664527,1.3471862649402,339579.727848101,281922.269664527,1.3471862649402,77.9354379868602,46.2667237615547,4.80534529147015,158,120.526456390644,8.52469259747151,0.251136218332392,0.21656050955414,53559.3371619697,30,11143
58463745,442589.743801653,221814.429234534,0.730231139076183,329589.743801653,221814.429234534,0.730231139076183,85.6561255155277,34.4181840731363,2.66878562215653,121,127.420695359909,7.29060602653464,0.467844130571434,0.183333333333333,45510.6117723554,30,11299
60713929,406368.162962963,230072.909215078,1.46082824139973,293368.162962963,230072.909215078,1.46082824139973,85.2202232803586,33.886001059345,1.45331208216251,135,138.102414250465,8.55303494843261,0.431225821143424,0.246268656716418,47849.3613547292,30,13165
61030100,448083.846774194,243477.450935702,0.994146841921817,335083.846774194,243477.450935702,0.994146841921817,85.2997768993132,38.7012016713131,2.7842067126949,124,130.277246147644,7.64824025165986,0.57332747473751,0.16260162601626,45331.5706423224,30,2725
66413205,402753.972972973,227481.473698407,1.37874435385419,289753.972972973,227481.473698407,1.37874435385419,83.8909501871127,41.8516242810141,4.17196243245256,148,139.198543920246,8.68763991165237,0.201931697603461,0.183673469387755,54297.4990348202,30,322
76196268,412926.427710843,230380.865878363,1.29775539185362,299926.427710843,230380.865878363,1.29775539185362,85.1001230966603,55.0841590167766,4.28437312780567,166,128.044370265836,6.08217885138504,0.120055445012276,0.212121212121212,57172.0823329227,30,3775
79212803,391646.846153846,227227.264167503,0.782178123785586,278646.846153846,227227.264167503,0.782178123785586,73.8857194987641,29.222730547066,0.11320451168981,182,125.891762313403,9.07985466881122,-0.961075664907492,0.237569060773481,61652.3908339223,30,3819
71470592,434404.993288591,224405.737511035,0.818143409246802,321404.993288591,224405.737511035,0.818143409246802,86.1640319866675,34.4887193199223,1.18116188332017,149,138.700629452691,7.03935206704498,0.514323481676092,0.168918918918919,56171.6715961949,30,4094
58380380,365320.354609929,176579.864735282,0.498472367515479,252320.354609929,176579.864735282,0.498472367515479,84.1475127054882,33.2264893474122,0.53345354893588,141,128.234152276305,7.78159402210337,-0.38545994908882,0.192857142857143,51015.3914727269,30,4504
57200480,411228.983870968,265361.792755702,1.90693877132354,298228.983870968,265361.792755702,1.90693877132354,83.7947267195027,37.1949703653321,2.07200573400864,124,128.19597325737,7.37469669475837,0.0732559832812118,0.121951219512195,40462.5241934014,30,4584
71216063,495018.607692308,282368.751889475,1.19414472760978,382018.607692308,282368.751889475,1.19414472760978,79.3300267909928,42.666117542263,3.52220830802038,130,123.707116620022,15.4531813477859,-4.61316463380153,0.170542635658915,44627.242048326,30,4701
127694391,461445.448412698,241540.548757349,0.627361103357042,348445.448412698,241540.548757349,0.627361103357042,88.6943457985195,32.4221637904549,0.493303148220134,252,149.602105564787,9.85148474816967,0.558438270322059,0.243027888446215,94876.7153285812,30,5938
79929217,390905.661202186,205936.932246512,1.2141564637712,277905.661202186,205936.932246512,1.2141564637712,81.4041682353339,34.0780995088729,1.89126771106957,183,142.408297641518,8.7222672631565,0.734352362527441,0.208791208791209,67067.4245170884,30,6046
81345810,394733.315217391,212608.945006237,0.769403682136421,281733.315217391,212608.945006237,0.769403682136421,89.045674385994,60.5923371556267,4.41030158612887,184,126.963608810876,9.22091786151615,-0.27016667967236,0.202185792349727,65953.799635491,30,6366
56347252,420734.058333333,237479.128277413,1.07849677997428,307734.058333333,237479.128277413,1.07849677997428,89.0396092864569,61.4564501467952,4.86633323828083,120,125.163440489511,8.51310643540316,-0.0455616380511913,0.168067226890756,44451.5455659549,30,6474
77996164,415344.921212121,269425.660815653,1.93478653907708,302344.921212121,269425.660815653,1.93478653907708,79.2973962746293,31.9227715578184,0.00975363966544572,165,122.52769129912,10.8859174942428,0.00508305365573217,0.195121951219512,56762.2082474884,30,9977
40888190,356065.458333333,232431.939200089,2.15693222625472,243065.458333333,232431.939200089,2.15693222625472,98.4670194297473,43.0904323884736,1.08964042597415,96,166.349908560268,9.76949290526483,0.62353517855083,0.242105263157895,38572.443508942,34,11143
32364938,260598.886363636,142484.354093396,0.823284977433184,147598.886363636,142484.354093396,0.823284977433184,83.5117522094987,46.8020501378136,0.590299979720086,88,176.404514314574,14.6890750243929,-3.92758634270634,0.344827586206897,29397.1279932623,34,13165
55247000,350096.577777778,261873.040129779,3.00517151603681,237096.577777778,261873.040129779,3.00517151603681,88.3525490997551,45.2477351475361,0.207284545895634,135,182.37178648824,11.9451356498498,0.47618555798738,0.402985074626866,52607.3940792621,34,2725
69113099,431909.923076923,287376.68969537,1.65980995463121,318909.923076923,287376.68969537,1.65980995463121,79.062486750783,47.4502525874841,1.6267509224262,143,167.923707837828,7.84643380961547,0.327810009228504,0.323943661971831,55380.723600674,34,3819
43797834,303105.5,163514.709472942,1.06434536135086,190105.5,163514.709472942,1.06434536135086,90.0446272364724,38.3820074200728,1.16471481976473,122,171.291272524558,7.93540976031941,0.364504875998457,0.355371900826446,47876.7203470718,34,4094
43064460,285047.581967213,171576.500229891,1.73284844215873,172047.581967213,171576.500229891,1.73284844215873,95.7484849945707,67.7344275899961,4.50381848855873,122,182.19209674995,9.4840365512817,0.147391266833842,0.305785123966942,48424.7872939268,34,4504
51921303,297269.956834532,176100.841246411,1.42866661242481,184269.956834532,176100.841246411,1.42866661242481,90.1364127912441,50.4889514553704,1.103851422751,139,181.394636742148,11.5948004211905,-0.754991243808866,0.398550724637681,59043.675604739,34,6046
48221301,328694.563492063,196395.575576213,1.14360115971503,215694.563492063,196395.575576213,1.14360115971503,107.602379427295,84.9009807406988,2.91958523781925,126,175.818001586925,18.4992471994707,-6.77571327561542,0.304,50914.4720642629,34,6366
47497594,383196.6,200970.826955592,1.08786997176066,270196.6,200970.826955592,1.08786997176066,99.5808025303699,43.9822957549727,1.18124149103272,110,181.93728894664,8.51882777385589,0.265126401680388,0.284403669724771,45168.6767233224,34,7784
42880952,373587.623762376,177411.96841385,0.432497431154464,260587.623762376,177411.96841385,0.432497431154464,76.1960004826538,25.7942844883325,-0.488739747100007,101,220.475195477944,10.9679765653258,0.297179943514462,0.22,34380.7291925763,35,10879
81495766,421866.228070175,215022.270610663,0.877685169333982,308866.228070175,215022.270610663,0.877685169333982,90.5096505911996,30.7063586503006,1.74822278310176,171,226.137154000942,14.7831983759404,-0.268443314047063,0.223529411764706,58786.8242432574,35,11143
42113726,397469.946236559,184678.08537863,0.699026012582227,284469.946236559,184678.08537863,0.699026012582227,83.6932425596908,24.5707788133342,-0.245528891618203,93,213.633958915408,13.6135399656239,0.525092501388519,0.195652173913043,33303.9723916761,35,11299
36931566,402026.3,186598.697866514,0.492528076657249,289026.3,186598.697866514,0.492528076657249,93.1855750678432,28.7117387225378,0.64231967322528,80,215.048490438326,14.627128394606,0.419139659166324,0.177215189873418,28042.0990796745,35,13165
43500342,425528.098901099,248545.565089831,2.02283603985044,312528.098901099,248545.565089831,2.02283603985044,85.7008045821925,27.456094986633,-0.344992895882157,91,221.342642213985,23.4965191472113,-4.6605924226365,0.188888888888889,30685.1538523474,35,2725
36079397,348954.337078652,170252.974301275,0.732300102154305,235954.337078652,170252.974301275,0.732300102154306,90.876889584158,31.61987297723,0.426715666634924,89,203.865673874766,13.1148915430934,-0.607239698603704,0.170454545454545,30808.2589227996,35,322
87764292,423985.751351351,226779.772275935,1.90581728000345,310985.751351351,226779.772275935,1.90581728000345,89.4217491735143,26.4789553085963,-0.211707588141854,185,227.156959993379,12.0573932948911,-0.109262569151715,0.190217391304348,64993.035067736,35,3775
91562256,441359.043010753,237702.49097413,1.31557766334761,328359.043010753,237702.49097413,1.31557766334761,83.0559975834155,28.0735613670575,0.508179662653302,186,235.623872928116,16.576245110533,-0.195450438534389,0.210810810810811,66783.2053097557,35,3819
43353162,406668.021276596,177069.268376281,0.532679107005785,293668.021276596,177069.268376281,0.532679107005785,85.5114683239874,27.1154241687607,-0.0413393550643267,94,225.862338205074,24.2788431307034,-1.83160167136859,0.204301075268817,33207.1987960767,35,4094
38566854,348837.105263158,149166.028253218,0.951695098876412,235837.105263158,149166.028253218,0.951695098876413,92.9058915808875,26.8687509352046,0.264682001288267,95,212.000955660372,12.8838842648322,-0.838203594883823,0.24468085106383,32955.521652353,35,4504
34896651,385154.329113924,152742.946773977,1.16374580803243,272154.329113924,152742.946773977,1.16374580803243,85.7380023011312,36.9552488255024,1.53106136811834,79,210.539189223091,9.63238373830416,0.188896888645109,0.205128205128205,28179.7934927732,35,4584
50430599,488441.946808511,220278.341612068,0.171101471255746,375441.946808511,220278.341612068,0.171101471255746,77.6053658918613,24.987305374954,-0.176436100055551,94,238.649894580279,21.1140270284511,-2.70880410096902,0.172043010752688,33240.0007692362,35,4701
36931600,382487.345238095,187989.684279307,0.663863430968467,269487.345238095,187989.684279307,0.663863430968467,92.2160254155254,53.8843640213522,2.90675531466896,84,233.474740118323,20.5504546916697,-0.157538286838258,0.180722891566265,27589.2999467618,35,5938
83177237,418470.971264368,185637.849326602,0.699711956412907,305470.971264368,185637.849326602,0.699711956412907,85.6237225425078,26.5853708455159,1.01950092792795,174,216.227911336353,25.5951161560063,-4.90931866567427,0.213872832369942,61103.4208416176,35,6046
43397940,418540.387096774,207661.117749832,1.44770755023196,305540.387096774,207661.117749832,1.44770755023196,89.392653231876,24.3716163205128,1.18323379321048,93,217.316711879803,12.9675940625472,0.618129606186568,0.206521739130435,31131.3050850211,35,6366
42714463,415636.142857143,213503.897796664,0.84148497945803,302636.142857143,213503.897796664,0.84148497945803,92.3044771825032,25.4407001121053,0.230306299763565,91,220.74868515463,23.6549778457699,-2.71296926553817,0.222222222222222,31590.1361696517,35,6474
59763640,407040.549618321,171478.301397278,0.697266925873772,294040.549618321,171478.301397278,0.697266925873772,89.5168343058555,25.4553005500021,0.0254474840584109,131,229.236971464309,10.667098834397,0.374986388594372,0.230769230769231,43841.2199101316,35,7784
41863639,411444.822222222,230054.945921088,2.19962768944326,298444.822222222,230054.945921088,2.19962768944326,87.418218931636,32.5507384013088,0.952988491770763,90,210.209374019279,16.0535027340506,0.635625560321509,0.168539325842697,30202.7231291599,35,9977
125907827,345983.122362869,711753.715141773,13.0433146030862,232983.122362869,711753.715141773,13.0433146030862,71.1294772749417,45.638113696155,1.62448068289028,237,133.886569638141,14.8953798508419,-5.97683561486441,0.347457627118644,113333.740262248,36,4094
155095247,651667.707207207,415756.799462556,1.19456190756658,538667.707207207,415756.799462556,1.19456190756658,88.7786902764958,50.0127993201795,3.45079021027139,222,126.511533556868,16.5970385677184,-4.5425596045962,0.316742081447964,77556.475211963,36,5938
